{
  "epoch": [
    1,
    2,
    3,
    4,
    5,
    6,
    7,
    8,
    9,
    10,
    11,
    12,
    13,
    14
  ],
  "train_loss": [
    0.48642859280375894,
    0.43078282404407836,
    0.4273667475860982,
    0.4259753859256312,
    0.42172232936462595,
    0.4157577359552,
    0.39919967978260024,
    0.38917323573868606,
    0.3832275925201382,
    0.37314783878369057,
    0.3729772555312883,
    0.36179771610770245,
    0.34992757013231385,
    0.341998875096729
  ],
  "val_loss": [
    0.4345530050617832,
    0.43176876373224327,
    0.42873397928017837,
    0.4261641362747112,
    0.4319961652472303,
    0.41934273084560475,
    0.40844843958641264,
    0.4119462552187326,
    0.39262648583292126,
    0.39280867889210896,
    0.3959937754210892,
    0.3900160187191063,
    0.3904612389477817,
    0.3858617206553479
  ],
  "val_aupr": [
    0.2415145692019614,
    0.2696500216775131,
    0.2834610468898958,
    0.26944519106726117,
    0.277744206859926,
    0.2922093465759358,
    0.31511876061612154,
    0.3400537176438193,
    0.35520396157304346,
    0.34208446126732805,
    0.34423897159262484,
    0.34775016180382623,
    0.35183316697125494,
    0.35257582207981086
  ],
  "val_fmax": [
    0.3779764771461487,
    0.3829314410686493,
    0.40590450167655945,
    0.3822946548461914,
    0.36723098158836365,
    0.40202856063842773,
    0.42098283767700195,
    0.4356876313686371,
    0.4771236181259155,
    0.4554833471775055,
    0.46276894211769104,
    0.45820584893226624,
    0.4594511091709137,
    0.4753136932849884
  ],
  "val_mcnn_weight": [
    0.4375446140766144,
    0.40394794940948486,
    0.4997292757034302,
    0.5474375486373901,
    0.6360589861869812,
    0.6750167012214661,
    0.6384455561637878,
    0.6254916787147522,
    0.7931522727012634,
    0.7825830578804016,
    0.8453586101531982,
    0.8442252278327942,
    0.8771876692771912,
    0.8441663384437561
  ],
  "val_gcn_weight": [
    0.562455415725708,
    0.5960520505905151,
    0.5002707242965698,
    0.45256245136260986,
    0.3639410138130188,
    0.32498329877853394,
    0.36155450344085693,
    0.3745082914829254,
    0.20684771239757538,
    0.2174168974161148,
    0.15464136004447937,
    0.1557748019695282,
    0.12281221896409988,
    0.15583355724811554
  ]
}